quiz_id,date,score_out_of_5,uncertain_questions,repeat_date,notes
F01-01,,,,,
F01-02,,,,,
F01-03,,,,,
F01-04,,,,,
F01-05,,,,,
F02-01,,,,,
F02-02,,,,,
F02-03,,,,,
F03-01,,,,,
F03-02,,,,,
F03-03,,,,,
F03-04,,,,,
F04-01,,,,,
F04-02,,,,,
F04-03,,,,,
F04-04,,,,,
F04-05,,,,,
F05-01,,,,,
F05-02,,,,,
F06-01,,,,,
F06-02,,,,,
F06-03,,,,,
F07-01,,,,,
F07-02,,,,,
F07-03,,,,,
F07-04,,,,,
F07-05,,,,,
F08-01,,,,,
F08-02,,,,,
F08-03,,,,,
F08-04,,,,,
F08-05,,,,,
U01-01,,,,,
U01-02,,,,,
U01-03,,,,,
U01-04,,,,,
U01-05,,,,,
U01-06,,,,,
U01-07,,,,,
U02-01,,,,,
U02-02,,,,,
U02-03,,,,,
U02-04,,,,,
U02-05,,,,,
U02-06,,,,,
U03-01,,,,,
U03-02,,,,,
U03-03,,,,,
U03-04,,,,,
U03-05,,,,,
U03-06,,,,,
U03-07,,,,,
U03-08,,,,,
U04-01,,,,,
U04-02,,,,,
U04-03,,,,,
U04-04,,,,,
U04-05,,,,,
U04-06,,,,,
U04-07,,,,,
U05-01,,,,,
U05-02,,,,,
U05-03,,,,,
U06-01,,,,,
U06-02,,,,,
U07-01,,,,,
U07-02,,,,,
U07-03,,,,,
U07-04,,,,,
O01-01,,,,,
O01-02,,,,,
O01-03,,,,,
O01-04,,,,,
OQ-01,,,,,
OQ-02,,,,,
OQ-03,,,,,
OQ-04,,,,,
C01-01,,,,,
C01-02,,,,,
C01-03,,,,,
C01-04,,,,,
C01-05,,,,,
C01-06,,,,,
C02-01,,,,,
C02-02,,,,,
C02-03,,,,,
C02-04,,,,,
C02-05,,,,,
C03-01,,,,,
C03-02,,,,,
C03-03,,,,,
C03-04,,,,,
C03-05,,,,,
C04-01,,,,,
C04-02,,,,,
C04-03,,,,,
C04-04,,,,,
C05-01,,,,,
C05-02,,,,,
C05-03,,,,,
C05-04,,,,,
C05-05,,,,,
T01-01,,,,,
T01-02,,,,,
T01-03,,,,,
T02-01,,,,,
T02-02,,,,,
T03-01,,,,,
T03-02,,,,,
T04-01,,,,,
T04-02,,,,,
T04-03,,,,,
T05-01,,,,,
T05-02,,,,,
T05-03,,,,,
T06-01,,,,,
T06-02,,,,,
T07-01,,,,,
T07-02,,,,,
T07-03,,,,,
T08-01,,,,,
T08-02,,,,,
T08-03,,,,,
T08-04,,,,,
T09-01,,,,,
T09-02,,,,,
R01-01,,,,,
R01-02,,,,,
R02-01,,,,,
R02-02,,,,,
R02-03,,,,,
R03-01,,,,,
R03-02,,,,,
R04-01,,,,,
R04-02,,,,,
R04-03,,,,,
R05-01,,,,,
R05-02,,,,,
R06-01,,,,,
R07-01,,,,,
R08-01,,,,,
R08-02,,,,,
R09-01,,,,,
R09-02,,,,,
R09-03,,,,,
R10-01,,,,,
R10-02,,,,,
R10-03,,,,,
R10-04,,,,,
R11-01,,,,,
R11-02,,,,,
R11-03,,,,,
